Type,Label,ParentType,LabelParentType
Chalet,Chalet,AccommodationProduct,Produit d'hébergement
ChamberOfCommerceAndIndustry,Chambre de commerce et d'industrie,BusinessPlace,Site d'affaires
ChildrensGite,Gîte d'enfants,CollectiveAccommodation,Hébergement collectif
ChildrensEvent,Evènement jeune public,CulturalEvent,Évènement culturel
CircusEvent,Spectacle de cirque,CulturalEvent,Évènement culturel
Citadel,Citadelle,DefenceSite,Site de défense
ChalkyLawn,Pelouse calcaire,NaturalHeritage,Site naturel
Cirque,Cirque naturel,NaturalHeritage,Site naturel
Chapel,Chapelle,ReligiousSite,Site religieux
Church,Eglise,ReligiousSite,Site religieux
Chartreuse,Chartreuse,RemarkableBuilding,Bâtiment civil remarquable
Cinema,Cinéma,SportsAndLeisurePlace,Site sportif, récréatif et de loisirs
Cinematheque,Cinémathèque,SportsAndLeisurePlace,Site sportif, récréatif et de loisirs
CircusPlace,Cirque,SportsAndLeisurePlace,Site sportif, récréatif et de loisirs
HalophilicArea,Zone halophile,NaturalHeritage,Site naturel
Commemoration,Commémoration,CulturalEvent,Évènement culturel
CommonFeatureSpecification,Spécification d'équipement commun,FeatureSpecification,Spécification d'équipement et service
Cliff,Falaise,NaturalHeritage,Site naturel
Coastline,Côte, littoral,NaturalHeritage,Site naturel
Col,Col,NaturalHeritage,Site naturel
Competition,Compétition,Practice,Pratique
Cloister,Cloître,ReligiousSite,Site religieux
Collegiate,Collégiale,ReligiousSite,Site religieux
Commanderie,Commanderie,ReligiousSite,Site religieux
CivilCemetery,Cimetière civil,RemembranceSite,Lieu de mémoire
ClimbingWall,Site et mur d'escalade,SportsAndLeisurePlace,Site sportif, récréatif et de loisirs
Tent,Tente,AccommodationProduct,Produit d'hébergement
Tipi,Tipi,AccommodationProduct,Produit d'hébergement
TheaterEvent,Pièce de théâtre,CulturalEvent,Évènement culturel
Bed,Lit,AccommodationProduct,Produit d'hébergement
Bastide,Bastide,CityHeritage,Ville et village
BarOrPub,Bar, bar à thème,FoodEstablishment,Restauration
BistroOrWineBar,Bistrot - Bar à vin,FoodEstablishment,Restauration
Beach,Plage,NaturalHeritage,Site naturel
Basilica,Basilique,ReligiousSite,Site religieux
Bishopric,Evéché,ReligiousSite,Site religieux
BalneotherapyCentre,Centre de balnéothérapie,SportsAndLeisurePlace,Site sportif, récréatif et de loisirs
BeachClub,Club de plage,SportsAndLeisurePlace,Site sportif, récréatif et de loisirs
BilliardRoom,Salle de billard,SportsAndLeisurePlace,Site sportif, récréatif et de loisirs
BikeStationOrDepot,Station ou dépôt de vélo,Transport,Transport
Yurt,Yourte,AccommodationProduct,Produit d'hébergement
WorkMeeting,Réunion de travail,BusinessEvent,Evènement professionnel d'entreprise
YouthHostelAndInternationalCenter,Auberge de jeunesse et centre international de séjour,CollectiveAccommodation,Hébergement collectif
WaterSource,Point d'eau,ConvenientService,Service pratique
WifiHotSpot,Hotspot Wifi,ConvenientService,Service pratique
Wetland,Zone humide,NaturalHeritage,Site naturel
YachtClub,Yacht Club,SportsAndLeisurePlace,Site sportif, récréatif et de loisirs
ZooAnimalPark,Zoo - parc animalier,SportsAndLeisurePlace,Site sportif, récréatif et de loisirs
WineCellar,Cave de dégustation,TastingProvider,Fournisseur de dégustation
GeographicReach,Portée géographique,Audience,Audience
GroupLodging,Gîte de groupe,CollectiveAccommodation,Hébergement collectif
GarageOrAirPump,Borne ou station de réparation - gonflage,ConvenientService,Service pratique
Glacier,Glacier de montagne,NaturalHeritage,Site naturel
Gorge,Gorge,NaturalHeritage,Site naturel
Grassland,Prairie,NaturalHeritage,Site naturel
GeneralPricingOffer,Prestation tarifée générale,PricingOffer,Prestation tarifée
Guesthouse,Chambre d'hôtes,RentalAccommodation,Hébergement locatif
GourmetRestaurant,Restaurant gastronomique,Restaurant,Restaurant
GarageSale,Vide-grenier,SaleEvent,Evènement commercial
GolfCourse,Terrain de golf,SportsAndLeisurePlace,Site sportif, récréatif et de loisirs
Gymnasium,Salle ou terrain de sport, gymnase,SportsAndLeisurePlace,Site sportif, récréatif et de loisirs
AccommodationAmenity,Équipement et service d'hébergement,Amenity,Équipement et service
AccommodationFeatureSpecification,Spécification d'équipement-service d'hébergement,FeatureSpecification,Spécification d'équipement et service
Accommodation,Hébergement,PlaceOfInterest,Lieu
ActivityProvider,Prestataire d'activité,PlaceOfInterest,Lieu
AccompaniedPractice,Accompagnement,Practice,Pratique
AccommodationPricingOffer,Prestation tarifée d'hébergement,PricingOffer,Prestation tarifée
ActivityPricingOffer,Prestation tarifée d'une activité,PricingOffer,Prestation tarifée
AccommodationProduct,Produit d'hébergement,Product,Produit
Abbey,Abbaye,ReligiousSite,Site religieux
Airfield,Aérodrôme,Transport,Transport
Airport,Aéroport,Transport,Transport
CulturalActivityProvider,Prestataire d'activité culturelle,ActivityProvider,Prestataire d'activité
CulturalHeritageAmenity,Équipement et service de patrimoine culturel,Amenity,Équipement et service
Cybercafe,Cybercafé,ConvenientService,Service pratique
CulturalEvent,Évènement culturel,EntertainmentAndEvent,Fête et manifestation
CulturalHeritageFeatureSpecification,Spécification d'équipement de patrimoine culturel,FeatureSpecification,Spécification d'équipement et service
Cuesta,Cuesta,NaturalHeritage,Site naturel
Culture,Culture,NaturalHeritage,Site naturel
CulturalSite,Site culturel,PlaceOfInterest,Lieu
CrossCountrySkiResort,Domaine de ski nordique,SportsAndLeisurePlace,Site sportif, récréatif et de loisirs
CrossCountrySkiTrail,Piste de ski de fond,SportsAndLeisurePlace,Site sportif, récréatif et de loisirs
CuisineCategory,Type de cuisine,Theme,Thème
CulturalTheme,Culture,Theme,Thème
District,Quartier,CityHeritage,Ville et village
DanceEvent,Spectacle de danse,CulturalEvent,Évènement culturel
DefenceSite,Site de défense,CulturalSite,Site culturel
Dungeon,Donjon,DefenceSite,Site de défense
Dune,Dune,NaturalHeritage,Site naturel
DevelopmentCourse,Stage de perfectionnement,Practice,Pratique
CycleRouteTheme,Itinéraire vélo route,RouteTheme,Nom d'itinéraire
DogSleddingTrail,Piste de chien de traineau,SportsAndLeisurePlace,Site sportif, récréatif et de loisirs
DownhillSkiResort,Domaine de ski alpin,SportsAndLeisurePlace,Site sportif, récréatif et de loisirs
DownhillSkiRun,Piste de ski alpin,SportsAndLeisurePlace,Site sportif, récréatif et de loisirs
DepartmentStore,Grand magasin,Store,Commerce de détail
CyclingTour,Itinéraire cyclable,Tour,Itinéraire touristique
DepartementTourismCommittee,Comité départemental du tourisme,TouristInformationCenter,Service d'information touristique
TypeOfBed,Type de lit,AccommodationAmenity,Équipement et service d'hébergement
TreeHouse,Cabane dans les arbres,AccommodationProduct,Produit d'hébergement
TrainingWorkshop,Atelier de formation,BusinessEvent,Evènement professionnel d'entreprise
Valley,Vallée,NaturalHeritage,Site naturel
Transport,Transport,PlaceOfInterest,Lieu
Traineeship,Stage, atelier,Practice,Pratique
TriumphalArch,Arc de triomphe,RemembranceSite,Lieu de mémoire
Transporter,Transporteur,ServiceProvider,Prestataire de service
TraditionalCelebration,Fête traditionnelle,SocialEvent,Evènement social
Trampoline,Tremplin,SportsAndLeisurePlace,Site sportif, récréatif et de loisirs
Trader,Négociant,TastingProvider,Fournisseur de dégustation
UnderwaterRoute,Itinéraire sous-marin,Tour,Itinéraire touristique
TrainStation,Gare ferroviaire,Transport,Transport
RentalAccommodation,Hébergement locatif,Accommodation,Hébergement
Room,Chambre,AccommodationProduct,Produit d'hébergement
RoomAmenity,Pièce,Amenity,Équipement et service
RomanPath,Voie romaine,ArcheologicalSite,Site archéologique
RemembranceSite,Lieu de mémoire,CulturalSite,Site culturel
RoomFeatureSpecification,Spécification d'équipement de pièce,FeatureSpecification,Spécification d'équipement et service
Restaurant,Restaurant,FoodEstablishment,Restauration
River,Rivière ou fleuve,NaturalHeritage,Site naturel
RentalPricingOffer,Prestation tarifée de location (hors hébergement): vélo, salle de réunion,PricingOffer,Prestation tarifée
Rental,Location,Product,Produit
RoadTour,Itinéraire routier,Tour,Itinéraire touristique
RiverPort,Halte et port fluvial,Transport,Transport
VisualArtsEvent,Son et lumière, feu d'artifice,CulturalEvent,Évènement culturel
Volcano,Volcan,NaturalHeritage,Site naturel
Waterfall,Cascade,NaturalHeritage,Site naturel
Visit,Visite,Product,Produit
Velodrome,Vélodrome,SportsAndLeisurePlace,Site sportif, récréatif et de loisirs
ViaFerrata,Via ferrata,SportsAndLeisurePlace,Site sportif, récréatif et de loisirs
VivariumAquarium,Vivarium - Aquarium,SportsAndLeisurePlace,Site sportif, récréatif et de loisirs
WashHouse,Lavoir,TechnicalHeritage,Patrimoine industriel, artisanal, rural, agricole et technique
WalkingTour,Itinéraire pédestre,Tour,Itinéraire touristique
VolunteerTourGuideOrGreeter,Hôte bénévole, greeter,TouristInformationCenter,Service d'information touristique
Fort,Fort,DefenceSite,Site de défense
FortifiedCastle,Château fort,DefenceSite,Site de défense
FortifiedSet,Ensemble fortifié,DefenceSite,Site de défense
Forest,Forêt,NaturalHeritage,Site naturel
FreePractice,Pratique libre,Practice,Pratique
Fountain,Fontaine,RemarkableBuilding,Bâtiment civil remarquable
FrontonBelotaCourt,Fronton, mur de frappe,SportsAndLeisurePlace,Site sportif, récréatif et de loisirs
Game,Jeu, concours,SportsEvent,Évènement sports et loisirs
Forge,Forge,TechnicalHeritage,Patrimoine industriel, artisanal, rural, agricole et technique
FoodEstablishmentTheme,Thème de restauration,Theme,Thème
FoodProduct,Type de mêts,Theme,Thème
Bungalow,Bungalow, Mobil Home,AccommodationProduct,Produit d'hébergement
Bungatoile,Bungatoile,AccommodationProduct,Produit d'hébergement
CamperVanArea,Aire de camping-car,CampingAndCaravanning,Hôtellerie de plein air
Camping,Camping,CampingAndCaravanning,Hôtellerie de plein air
Festival,Festival,CulturalEvent,Évènement culturel
BusinessEvent,Evènement professionnel d'entreprise,EntertainmentAndEvent,Fête et manifestation
CafeOrTeahouse,Café ou salon de thé,FoodEstablishment,Restauration
FastFoodRestaurant,Restauration Rapide,FoodEstablishment,Restauration
BusinessPlace,Site d'affaires,PlaceOfInterest,Lieu
FoodEstablishment,Restauration,PlaceOfInterest,Lieu
FirstPractice,Baptême sportif,Practice,Pratique
BuddhistTemple,Temple bouddhique,ReligiousSite,Site religieux
Calvary,Calvaire et enclos paroissiaux,ReligiousSite,Site religieux
Cabaret,Cabaret,Restaurant,Restaurant
FarmhouseInn,Ferme et auberge de campagne,Restaurant,Restaurant
Seminar,Séminaire,BusinessEvent,Evènement professionnel d'entreprise
SpaResort,Station thermale,CityHeritage,Ville et village
ShowEvent,Spectacle,CulturalEvent,Évènement culturel
SocialEvent,Evènement social,EntertainmentAndEvent,Fête et manifestation
Spa,Etablissement thermal,MedicalPlace,Lieu de santé
Source,Source,NaturalHeritage,Site naturel
ServiceProvider,Prestataire de service,PlaceOfInterest,Lieu
SelfCateringAccommodation,Meublés de tourisme,RentalAccommodation,Hébergement locatif
SelfServiceCafeteria,Cafétéria - Self,Restaurant,Restaurant
SightseeingBoat,Bateau promenade,SportsAndLeisurePlace,Site sportif, récréatif et de loisirs
ShoppingCentreAndGallery,Centre et galerie commerciale,Store,Commerce de détail
Seaport,Port maritime,Transport,Transport
CampingAndCaravanning,Hôtellerie de plein air,Accommodation,Hébergement
CampingCar,Camping car,AccommodationProduct,Produit d'hébergement
CampingPitch,Emplacement de camping,AccommodationProduct,Produit d'hébergement
Caravan,Caravane,AccommodationProduct,Produit d'hébergement
Congress,Congrès,BusinessEvent,Evènement professionnel d'entreprise
ConventionCentre,Centre de congrès,BusinessPlace,Site d'affaires
Concert,Concert,CulturalEvent,Évènement culturel
Conference,Conférence,CulturalEvent,Évènement culturel
ConeNeck,Cône,NaturalHeritage,Site naturel
Crest,Crête,NaturalHeritage,Site naturel
ConvenientService,Service pratique,PlaceOfInterest,Lieu
Course,Cours,Practice,Pratique
Convent,Couvent,ReligiousSite,Site religieux
CraftsmanShop,Artisan d'art,Store,Commerce de détail
Cooperative,Coopérative,TastingProvider,Fournisseur de dégustation
CoveredMarket,Halle, marché couvert,TechnicalHeritage,Patrimoine industriel, artisanal, rural, agricole et technique
CollectiveAccommodation,Hébergement collectif,Accommodation,Hébergement
CommonAmenity,Équipement et service basique,Amenity,Équipement et service
ClubOrHolidayVillage,Club et village vacances,CollectiveAccommodation,Hébergement collectif
PublicLavatories,Toilettes publiques,ConvenientService,Service pratique
PointOfView,Point de vue,NaturalHeritage,Site naturel
Pond,Etang,NaturalHeritage,Site naturel
Product,Produit,PointOfInterest,Point d'intérêt
Practice,Pratique,Product,Produit
Racetrack,Hippodrome,SportsAndLeisurePlace,Site sportif, récréatif et de loisirs
RacingCircuit,Circuit automobile ou moto,SportsAndLeisurePlace,Site sportif, récréatif et de loisirs
Producer,Producteur,TastingProvider,Fournisseur de dégustation
ProducersGroup,Groupement de producteurs,TastingProvider,Fournisseur de dégustation
ProfessionalTourGuide,Guide professionnel,TouristInformationCenter,Service d'information touristique
ThalassotherapyCentre,Centre de thalassothérapie,MedicalPlace,Lieu de santé
Tour,Itinéraire touristique,PointOfInterest,Point d'intérêt
TennisComplex,Complèxe ou terrain de tennis,SportsAndLeisurePlace,Site sportif, récréatif et de loisirs
TerrainPark,Terrain park,SportsAndLeisurePlace,Site sportif, récréatif et de loisirs
Theater,Théatre, Salle de spectacle,SportsAndLeisurePlace,Site sportif, récréatif et de loisirs
ThemePark,Parc de loisirs, parc à thème,SportsAndLeisurePlace,Site sportif, récréatif et de loisirs
TobogganBobsleigh,Piste de luge / bobsleigh,SportsAndLeisurePlace,Site sportif, récréatif et de loisirs
TouristInformationCenter,Service d'information touristique,PlaceOfInterest,Lieu
Tower,Tour,RemarkableBuilding,Bâtiment civil remarquable
TourismCableCar,Téléphérique touristique,SportsAndLeisurePlace,Site sportif, récréatif et de loisirs
TouristBus,Bus touristique,SportsAndLeisurePlace,Site sportif, récréatif et de loisirs
TouristTrain,Train touristique,SportsAndLeisurePlace,Site sportif, récréatif et de loisirs
TrackRollerOrSkateBoard,Piste de roller ou de skate board,SportsAndLeisurePlace,Site sportif, récréatif et de loisirs
TourGuideAgency,Agence de guides,TouristInformationCenter,Service d'information touristique
TourismCentre,Maison du tourisme,TouristInformationCenter,Service d'information touristique
TourOperatorOrTravelAgency,Voyagiste,TouristInformationCenter,Service d'information touristique
Apartment,Appartement,AccommodationProduct,Produit d'hébergement
ATM,Distributeur automatique de billets, DAB,ConvenientService,Service pratique
ArtistSigning,Dédicace et rencontre d'artiste,CulturalEvent,Évènement culturel
ArcheologicalSite,Site archéologique,CulturalSite,Site culturel
Bakery,Boulangerie,FoodEstablishment,Restauration
AlpinePasture,Alpage,NaturalHeritage,Site naturel
Aqueduct,Aqueduc,RemarkableBuilding,Bâtiment civil remarquable
Arena,Arène,RemarkableBuilding,Bâtiment civil remarquable
Auditorium,Auditorium,SportsAndLeisurePlace,Site sportif, récréatif et de loisirs
AntiqueAndSecondhandGoodDealer,Antiquaire et brocanteur,Store,Commerce de détail
ArtGalleryOrExhibitionGallery,Galerie d'art, galerie d'exposition,Store,Commerce de détail
ArchitecturalStyle,Style architectural,Theme,Thème
CityHeritage,Ville et village,CulturalSite,Site culturel
CastleAndPrestigeMansion,Château et demeure de prestige,AccommodationProduct,Produit d'hébergement
CateringAmenity,Équipement et service de restauration,Amenity,Équipement et service
CateringFeatureSpecification,Spécification d'équipement de restauration,FeatureSpecification,Spécification d'équipement et service
Cellar,Cave ou caveau,FoodEstablishment,Restauration
Causse,Causse,NaturalHeritage,Site naturel
CaveSinkholeOrAven,Grotte, gouffre, aven, caverne, carrière,NaturalHeritage,Site naturel
CateringPricingOffer,Prestation tarifée de restauration,PricingOffer,Prestation tarifée
Cathedral,Cathédrale,ReligiousSite,Site religieux
Castle,Château,RemarkableBuilding,Bâtiment civil remarquable
Casino,Casino,SportsAndLeisurePlace,Site sportif, récréatif et de loisirs
CarpoolArea,Aire de covoiturage,Transport,Transport
FairOrShow,Foire ou salon,SaleEvent,Evènement commercial
FitnessCenter,Centre de remise en forme - fitness,SportsAndLeisurePlace,Site sportif, récréatif et de loisirs
FitnessPath,Parcours de Santé,SportsAndLeisurePlace,Site sportif, récréatif et de loisirs
Farmer,Éleveur,TastingProvider,Fournisseur de dégustation
Farm,Ferme,TechnicalHeritage,Patrimoine industriel, artisanal, rural, agricole et technique
FluvialTour,Itinéraire fluvial ou maritime,Tour,Itinéraire touristique
BusStation,Gare routière,Transport,Transport
BusStop,Arrêt, station de transport en commun,Transport,Transport
CableCarStation,Téléphérique,Transport,Transport
Stadium,Stade,SportsAndLeisurePlace,Site sportif, récréatif et de loisirs
StopOverOrGroupLodge,Refuge et gîte d'étape,CollectiveAccommodation,Hébergement collectif
StreetFood,Restauration ambulante, Food truck,FoodEstablishment,Restauration
Stone,Pierre, rocher,NaturalHeritage,Site naturel
Stream,Ruisseau,NaturalHeritage,Site naturel
StubbleFields,Chaumes,NaturalHeritage,Site naturel
Summit,Sommet,NaturalHeritage,Site naturel
Swamp,Marais,NaturalHeritage,Site naturel
Store,Commerce de détail,PlaceOfInterest,Lieu
SummerToboggan,Piste de luge d'été,SportsAndLeisurePlace,Site sportif, récréatif et de loisirs
Bubble,Bulle,AccommodationProduct,Produit d'hébergement
BoardMeeting,Conseil d'administration,BusinessEvent,Evènement professionnel d'entreprise
Bocage,Bocage,NaturalHeritage,Site naturel
Bog,Tourbière,NaturalHeritage,Site naturel
Bridge,Pont,RemarkableBuilding,Bâtiment civil remarquable
BoatRestaurant,Bateau-restaurant,Restaurant,Restaurant
BrasserieOrTavern,Brasserie ou taverne,Restaurant,Restaurant
BricABrac,Brocante,SaleEvent,Evènement commercial
BoulesPitch,Boulodrome,SportsAndLeisurePlace,Site sportif, récréatif et de loisirs
BowlingAlley,Bowling,SportsAndLeisurePlace,Site sportif, récréatif et de loisirs
BoutiqueOrLocalShop,Boutique, commerce de proximité,Store,Commerce de détail
Brewery,Brasseur,TastingProvider,Fournisseur de dégustation
Reading,Lecture,CulturalEvent,Évènement culturel
Recital,Récital,CulturalEvent,Évènement culturel
ReligiousSite,Site religieux,CulturalSite,Site culturel
RemarkableBuilding,Bâtiment civil remarquable,CulturalSite,Site culturel
RecurrentPeriod,Période récurrente,Period,Période
RemarkableHouse,Maison remarquable,RemarkableBuilding,Bâtiment civil remarquable
ReligiousEvent,Évènement religieux,SocialEvent,Evènement social
Rally,Rallye,SportsEvent,Évènement sports et loisirs
Rambling,Randonnée, balade,SportsEvent,Évènement sports et loisirs
RegionalTourismCommittee,Comité régional du tourisme,TouristInformationCenter,Service d'information touristique
ExecutiveBoardMeeting,Bureau éxécutif,BusinessEvent,Evènement professionnel d'entreprise
ElectricVehicleChargingPoint,Borne de charge véhicule électrique,ConvenientService,Service pratique
Exhibition,Exposition,CulturalEvent,Évènement culturel
EntertainmentAndEvent,Fête et manifestation,PointOfInterest,Point d'intérêt
EquipmentRental,Location de matériel,Rental,Location
EquipmentRentalShop,Loueur de matériel,ServiceProvider,Prestataire de service
EquipmentRepairShop,Réparateur de matériel,ServiceProvider,Prestataire de service
EducationalTrail,Sentier de découverte et d'interprétation,SportsAndLeisurePlace,Site sportif, récréatif et de loisirs
EquestrianCenter,Centre équestre,SportsAndLeisurePlace,Site sportif, récréatif et de loisirs
EntertainmentAndEventTheme,Thème de fête et évènement,Theme,Thème
SportsEvent,Évènement sports et loisirs,EntertainmentAndEvent,Fête et manifestation
SportsAndLeisurePlace,Site sportif, récréatif et de loisirs,PlaceOfInterest,Lieu
SportsClub,Club de sport,SportsAndLeisurePlace,Site sportif, récréatif et de loisirs
SportsHall,Palais des sports,SportsAndLeisurePlace,Site sportif, récréatif et de loisirs
SquashCourt,Salle de squash,SportsAndLeisurePlace,Site sportif, récréatif et de loisirs
SportsCompetition,Compétition sportive,SportsEvent,Évènement sports et loisirs
SportsDemonstration,Démonstration sportive,SportsEvent,Évènement sports et loisirs
Stables,Haras,TechnicalHeritage,Patrimoine industriel, artisanal, rural, agricole et technique
SpatialEnvironmentTheme,Thème d'environnement de POI,Theme,Thème
SportsTheme,Thèmes d’activité et évènements sport et loisirs,Theme,Thème
CampingAndCaravanningAmenity,Équipement et service d'hôtellerie de plein air,Amenity,Équipement et service
CarOrBikeWash,Station de lavage,ConvenientService,Service pratique
CampingAndCaravanningFeatureSpecification,Spécification d'équipement d'hôtellrie de plein air,FeatureSpecification,Spécification d'équipement et service
Canal,Canal,NaturalHeritage,Site naturel
Canyon,Canyon,NaturalHeritage,Site naturel
Carnival,Carnaval,SocialEvent,Evènement social
Ruins,Ruines et vestiges,ArcheologicalSite,Site archéologique
RVServiceArea,Borne de service camping car,ConvenientService,Service pratique
ScreeningEvent,Projection, cinéma,CulturalEvent,Évènement culturel
SaleEvent,Evènement commercial,EntertainmentAndEvent,Fête et manifestation
ScaleRating,Note,Rating,Valeur de classement
ScaleReview,Classement par note,Review,Classement
ScaleReviewSystem,Système de classement par note,ReviewSystem,Système de classement
HotelTrade,Hôtellerie,Accommodation,Hébergement
HotelSuite,Suite,AccommodationProduct,Produit d'hébergement
House,Maison,AccommodationProduct,Produit d'hébergement
HouseBoat,Bâteau habitable,AccommodationProduct,Produit d'hébergement
Hut,Cabane,AccommodationProduct,Produit d'hébergement
InformativeAmenity,Équipement et service d'information,Amenity,Équipement et service
IceCreamShop,Glacier,FoodEstablishment,Restauration
Icefall,Cascade de glace,NaturalHeritage,Site naturel
IceSkatingRink,Patinoire,SportsAndLeisurePlace,Site sportif, récréatif et de loisirs
HypermarketAndSupermarket,Grande et moyenne surface,Store,Commerce de détail
IndustrialSite,Site industriel,TechnicalHeritage,Patrimoine industriel, artisanal, rural, agricole et technique
IncomingTravelAgency,Organisme réceptif,TouristInformationCenter,Service d'information touristique
HolidayCentre,Centre de vacances et de loisirs,CollectiveAccommodation,Hébergement collectif
HolidayResort,Résidence de tourisme,CollectiveAccommodation,Hébergement collectif
Harvest,Vendange, récolte,CulturalEvent,Évènement culturel
HotelRestaurant,Hôtel-restaurant,Hotel,Hôtel
Hotel,Hôtel,HotelTrade,Hôtellerie
HealthcarePlace,Lieu de soins,MedicalPlace,Lieu de santé
HealthcareProfessional,Professionnel de santé,MedicalPlace,Lieu de santé
Hillsides,Côteau,NaturalHeritage,Site naturel
Temple,Temple,ReligiousSite,Site religieux
HotelRestaurant,Hôtel-restaurant,Restaurant,Restaurant
Hammam,Hammam,SportsAndLeisurePlace,Site sportif, récréatif et de loisirs
HealthTheme,Thème de santé,Theme,Thème
HorseTour,Itinéraire équestre,Tour,Itinéraire touristique
TechnicalHeritage,Patrimoine industriel, artisanal, rural, agricole et technique,CulturalSite,Site culturel
TastingFeatureSpecification,Spécification d'équipement de dégustation,FeatureSpecification,Spécification d'équipement et service
TableHoteGuesthouse,Chambre et table d'hôtes,Guesthouse,Chambre d'hôtes
TableHotes,Table d'hôtes,Guesthouse,Chambre d'hôtes
TastingProvider,Fournisseur de dégustation,PlaceOfInterest,Lieu
Tasting,Dégustation,Practice,Pratique
Synagogue,Synagogue,ReligiousSite,Site religieux
TaxiCompany,Compagnie de taxis,ServiceProvider,Prestataire de service
SwimmingPool,Piscine,SportsAndLeisurePlace,Site sportif, récréatif et de loisirs
TeachingFarm,Ferme pédagogique,SportsAndLeisurePlace,Site sportif, récréatif et de loisirs
TaxiStation,Aire, station de taxis,Transport,Transport
SchoolOrTrainingCentre,Ecole et centre d'apprentissage,SportsAndLeisurePlace,Site sportif, récréatif et de loisirs
RouteTheme,Nom d'itinéraire,Theme,Thème
LeisureChalet,Chalet résidentiel de loisirs,AccommodationProduct,Produit d'hébergement
LeisureSportActivityProvider,Prestataire d'activité sportive et de loisir,ActivityProvider,Prestataire d'activité
LeftLuggage,Consigne à bagages,ConvenientService,Service pratique
Library,Bibliothèque - Médiathèque,CulturalSite,Site culturel
Lake,Lac,NaturalHeritage,Site naturel
Landes,Landes,NaturalHeritage,Site naturel
LimitedPeriod,Période limitée,Period,Période
LevyOrDike,Barrage, digue,RemarkableBuilding,Bâtiment civil remarquable
LabelReviewSystem,Système de classement par label,ReviewSystem,Système de classement
LocalAnimation,Animation locale,SocialEvent,Evènement social
LaunchingRamp,Rampe de mise à l'eau,SportsAndLeisurePlace,Site sportif, récréatif et de loisirs
LeisureComplex,Complexe de loisirs (loisirs regroupés),SportsAndLeisurePlace,Site sportif, récréatif et de loisirs
Lighthouse,Phare,TechnicalHeritage,Patrimoine industriel, artisanal, rural, agricole et technique
InformativeFeatureSpecification,Spécification d'équipement d'information,CommonFeatureSpecification,Spécification d'équipement commun
InterpretationCentre,Centre d'interprétation,CulturalSite,Site culturel
IslandPeninsula,Ile - presqu'île,NaturalHeritage,Site naturel
IntroductionCourse,Stage d'initiation,Practice,Pratique
LabelRating,Label,Rating,Valeur de classement
LabelReview,Classement par label,Review,Classement
Jetty,Embarcadère,SportsAndLeisurePlace,Site sportif, récréatif et de loisirs
KidsClub,Club enfants,SportsAndLeisurePlace,Site sportif, récréatif et de loisirs
MegalithDolmenMenhir,Mégalithes, menhirs et dolmens,ArcheologicalSite,Site archéologique
MedicalPlace,Lieu de santé,PlaceOfInterest,Lieu
Lock,Ecluse,RemarkableBuilding,Bâtiment civil remarquable
MilitaryCemetery,Cimetière militaire et mémorial,RemembranceSite,Lieu de mémoire
Market,Marché,SaleEvent,Evènement commercial
Marina,Port de plaisance,SportsAndLeisurePlace,Site sportif, récréatif et de loisirs
LocalProductsShop,Maison de pays, produits du terroir,Store,Commerce de détail
Mill,Moulin,TechnicalHeritage,Patrimoine industriel, artisanal, rural, agricole et technique
Mine,Mine,TechnicalHeritage,Patrimoine industriel, artisanal, rural, agricole et technique
LocalTouristOffice,Office de tourisme,TouristInformationCenter,Service d'information touristique
Lock,Ecluse,Transport,Transport
MountainResort,Station de montagne,CityHeritage,Ville et village
Museum,Musée,CulturalSite,Site culturel
Mountain,Montagne,NaturalHeritage,Site naturel
NaturalCuriosity,Curiosité naturelle,NaturalHeritage,Site naturel
NaturalHeritage,Site naturel,PlaceOfInterest,Lieu
MultiActivity,Multiactivités,Practice,Pratique
Monastery,Monastère, prieuré,ReligiousSite,Site religieux
Mosque,Mosquée,ReligiousSite,Site religieux
MountainRestaurant,Restaurant d'altitude / Restaurant d'alpage,Restaurant,Restaurant
MTBRouteTheme,Itinéraire VTT,RouteTheme,Nom d'itinéraire
MiniGolf,Mini golf,SportsAndLeisurePlace,Site sportif, récréatif et de loisirs
MooringArea,Zone ou port de mouillage,SportsAndLeisurePlace,Site sportif, récréatif et de loisirs
MultiPurposeRoomOrCommunityRoom,Salle polyvalente, salle des fêtes,SportsAndLeisurePlace,Site sportif, récréatif et de loisirs
NaturalHeritageAmenity,Équipement et service de patrimoine naturel,Amenity,Équipement et service
Opera,Opéra,CulturalEvent,Évènement culturel
NaturalHeritageFeatureSpecification,Spécification d'équipement de patrimoine naturel,FeatureSpecification,Spécification d'équipement et service
NaturalPark,Parc naturel,NaturalHeritage,Site naturel
NonHousingRealEstateRental,Location de salle,Rental,Location
OpenDay,Portes ouvertes,SaleEvent,Evènement commercial
NauticalCentre,Base nautique / centre nautique,SportsAndLeisurePlace,Site sportif, récréatif et de loisirs
NightClub,Discothèque,SportsAndLeisurePlace,Site sportif, récréatif et de loisirs
Organisation,Organisation,Agent,Agent
Person,Personne,Agent,Agent
PeopleAudience,Audience de personnes, clients,Audience,Audience
ParkAndGarden,Parc et jardin,CulturalSite,Site culturel
Peak,Pic,NaturalHeritage,Site naturel
Palace,Palais,RemarkableBuilding,Bâtiment civil remarquable
Parade,Défilé Cortège Parade,SocialEvent,Evènement social
Orchard,Verger conservatoire,TechnicalHeritage,Patrimoine industriel, artisanal, rural, agricole et technique
ParkAndGardenTheme,Thème de parc et jardin,Theme,Thème
Parking,Parking,Transport,Transport
PicnicArea,Aire de pique-nique,ConvenientService,Service pratique
Pharmacy,Pharmacie,MedicalPlace,Lieu de santé
Plain,Plaine,NaturalHeritage,Site naturel
Plateau,Plateau,NaturalHeritage,Site naturel
PlaceOfInterest,Lieu,PointOfInterest,Point d'intérêt
PilgrimageAndProcession,Pèlerinage et procession,SocialEvent,Evènement social
PlayArea,Aire de jeux,SportsAndLeisurePlace,Site sportif, récréatif et de loisirs
Pier,Jetée,TechnicalHeritage,Patrimoine industriel, artisanal, rural, agricole et technique
PigeonLoft,Pigeonnier,TechnicalHeritage,Patrimoine industriel, artisanal, rural, agricole et technique
